{
  "validation": {
    "accuracy": 0.6158,
    "precision": 0.3673,
    "recall": 0.2769,
    "roc_auc": 0.5295,
    "samples": 203,
    "positive_rate": 0.3202,
    "predicted_positive_rate": 0.2414,
    "confusion_matrix": [
      [
        107,
        31
      ],
      [
        47,
        18
      ]
    ],
    "probability_distribution": {
      "mean": 0.37641117639091004,
      "std": 0.19245665994726804,
      "min": 0.04841232375070709,
      "max": 0.8872945845467817,
      "median": 0.33217851714774305,
      "q25": 0.22386543966205882,
      "q75": 0.4899543028481492
    },
    "probability_deciles": {
      "0.0-0.1": 4,
      "0.1-0.2": 30,
      "0.2-0.3": 52,
      "0.3-0.4": 34,
      "0.4-0.5": 34,
      "0.5-0.6": 23,
      "0.6-0.7": 4,
      "0.7-0.8": 14,
      "0.8-0.9": 8,
      "0.9-1.0": 0
    }
  },
  "test": {
    "accuracy": 0.7327,
    "precision": 0.5263,
    "recall": 0.3571,
    "roc_auc": 0.5729,
    "samples": 101,
    "positive_rate": 0.2772,
    "predicted_positive_rate": 0.1881,
    "confusion_matrix": [
      [
        64,
        9
      ],
      [
        18,
        10
      ]
    ],
    "probability_distribution": {
      "mean": 0.3197115452070682,
      "std": 0.19263815165956819,
      "min": 0.0619985745979881,
      "max": 0.8549805775035842,
      "median": 0.26844168446898226,
      "q25": 0.16938681005713638,
      "q75": 0.4224221285591479
    },
    "probability_deciles": {
      "0.0-0.1": 5,
      "0.1-0.2": 31,
      "0.2-0.3": 23,
      "0.3-0.4": 12,
      "0.4-0.5": 11,
      "0.5-0.6": 8,
      "0.6-0.7": 6,
      "0.7-0.8": 3,
      "0.8-0.9": 2,
      "0.9-1.0": 0
    }
  },
  "threshold_analysis": {
    "0.3": {
      "trades": 117,
      "win_rate": 0.3162,
      "precision": 0.3162,
      "recall": 0.5692
    },
    "0.4": {
      "trades": 83,
      "win_rate": 0.3614,
      "precision": 0.3614,
      "recall": 0.4615
    },
    "0.5": {
      "trades": 49,
      "win_rate": 0.3673,
      "precision": 0.3673,
      "recall": 0.2769
    },
    "0.55": {
      "trades": 36,
      "win_rate": 0.4722,
      "precision": 0.4722,
      "recall": 0.2615
    },
    "0.6": {
      "trades": 26,
      "win_rate": 0.4615,
      "precision": 0.4615,
      "recall": 0.1846
    },
    "0.65": {
      "trades": 22,
      "win_rate": 0.4091,
      "precision": 0.4091,
      "recall": 0.1385
    },
    "0.7": {
      "trades": 22,
      "win_rate": 0.4091,
      "precision": 0.4091,
      "recall": 0.1385
    },
    "0.75": {
      "trades": 12,
      "win_rate": 0.4167,
      "precision": 0.4167,
      "recall": 0.0769
    },
    "0.8": {
      "trades": 8,
      "win_rate": 0.625,
      "precision": 0.625,
      "recall": 0.0769
    }
  }
}