{
  "f_range_dist_below": 0.08228696550146501,
  "f_regime_compression": 0.07255475155461252,
  "f_price_ret_12bar": 0.0701981870202876,
  "f_vol_avg": 0.05081727022812236,
  "f_price_ema": 0.04663662559738032,
  "f_regime_trend_strength": 0.046326774044137514,
  "f_price_ema_dist": 0.04462013254905732,
  "f_vol_expansion": 0.042251105376327515,
  "f_vola_atr_norm": 0.03841866392609176,
  "f_range_dist_above": 0.038335589662359275,
  "f_vol_relative": 0.0369566029235637,
  "f_risk_points": 0.036727560187483875,
  "f_vola_realized": 0.03558149451941848,
  "f_regime_breakout_strength": 0.03531694320834571,
  "f_price_ema_dist_pct": 0.0282933811913678,
  "f_regime_vol_trend": 0.027797114538153565,
  "f_price_gap_pct": 0.027531430067174695,
  "f_range_size": 0.02458533507673347,
  "f_price_bar_range": 0.02315430373717833,
  "f_price_ema_slope": 0.023031192122656554,
  "f_range_low": 0.021596394992603258,
  "f_ema_distance": 0.02134637558533413,
  "f_time_weekday": 0.021300880962994147,
  "f_vola_tr": 0.019550112514731707,
  "f_vola_atr": 0.017964485502613335,
  "f_range_high": 0.0149028663253655,
  "f_range_vs_atr": 0.014451296046836556,
  "f_ema_distance_pct": 0.014149291145040765,
  "f_range_size_vs_atr": 0.011386151748589807,
  "f_price_rolling_range": 0.010307738393446023,
  "f_direction_long": 0.0009653125094316035,
  "f_price_gap": 0.0006576712410960781,
  "f_time_minutes_since_open": 0.0,
  "f_time_minutes_since_range_close": 0.0,
  "f_time_minutes_to_close": 0.0,
  "f_regime_trend_direction": 0.0
}