{
  "f_price_ret_12bar": 0.08823494685263358,
  "f_risk_points": 0.07831669036899382,
  "f_regime_compression": 0.07556822912701804,
  "f_vola_realized": 0.06068020719497429,
  "f_vol_expansion": 0.05823647531439237,
  "f_vol_avg": 0.055046203100825766,
  "f_range_size": 0.04581411534037895,
  "f_price_ema": 0.04352941721149902,
  "f_range_dist_below": 0.04207049732709164,
  "f_vol_relative": 0.04026202523964045,
  "f_regime_breakout_strength": 0.03178726403109735,
  "f_price_bar_range": 0.03136332225494857,
  "f_vola_atr_norm": 0.03070731031453566,
  "f_regime_trend_strength": 0.030330639631624412,
  "f_range_low": 0.029527743616140925,
  "f_ema_distance": 0.026862570713180534,
  "f_regime_vol_trend": 0.023995483422036883,
  "f_price_gap_pct": 0.021391650957750207,
  "f_price_ema_slope": 0.020223831239214864,
  "f_vola_tr": 0.019253813352379773,
  "f_range_vs_atr": 0.018758063951646843,
  "f_ema_distance_pct": 0.01795493181126875,
  "f_range_dist_above": 0.01752230448521346,
  "f_vola_atr": 0.016131322076320908,
  "f_price_rolling_range": 0.015558759455644977,
  "f_range_size_vs_atr": 0.014613114395775208,
  "f_price_ema_dist": 0.012376677195314116,
  "f_time_weekday": 0.011591986928405011,
  "f_range_high": 0.009232602396390443,
  "f_price_ema_dist_pct": 0.007296842009685995,
  "f_price_gap": 0.0052427217377823375,
  "f_direction_long": 0.0005182369461947816,
  "f_time_minutes_since_open": 0.0,
  "f_time_minutes_since_range_close": 0.0,
  "f_time_minutes_to_close": 0.0,
  "f_regime_trend_direction": 0.0
}